vm_id,collection_id,instance_index,cluster,cpu_request,mem_request,avg_cpu,avg_mem,max_cpu,max_mem,priority,priority_band,priority_norm,scheduling_class,collection_type,failed,hard_failed,duration_s,start_time,end_time,n_events,orig_machine_id,assigned_memory,cycles_per_instruction
VM123197,487300140443,1147,2,0.00958251953125,0.0152587890625,0.0001144409179687,0.0017375946044921,0.0006256103515625,0.001739501953125,103,best_effort,0.2288888888888889,2,0,0,0,300.0,1226400000000,1226700000000,1,30715046525,0.0172119140625,3.4686954021453857
VM124710,4741149133,4213,6,0.0014972686767578,0.0003366470336914,0.0006971359252929,0.0002698898315429,0.0019264221191406,0.0002822875976562,200,production,0.4444444444444444,2,0,1,1,300.0,1302900000000,1303200000000,1,19370948499,0.0004348754882812,1.918680548667908
VM242521,287652669929,49,7,0.0051956176757812,0.0103759765625,0.001413345336914,9.34600830078125e-05,0.0033760070800781,0.0001907348632812,103,best_effort,0.2288888888888889,1,0,0,0,5.0,1721174000000,1721179000000,1,3656074389,0.023406982421875,
VM06402,260725669813,1707,7,0.0111541748046875,0.0013027191162109,0.0063629150390625,0.006500244140625,0.029083251953125,0.0095977783203125,360,monitoring,0.8,2,0,1,0,300.0,1175100000000,1175400000000,3,10453809630,0.0,3.3660099506378174
VM04700,823800290622,2341,4,0.00994873046875,0.187744140625,0.0001249313354492,0.0005731582641601,0.0002717971801757,0.0005731582641601,105,best_effort,0.23333333333333334,1,0,1,0,4.0,2470193000000,2470197000000,1,78182457210,0.1009521484375,
VM96385,755686677250,10765,3,0.0066299438476562,0.0036849975585937,0.0002059936523437,0.001535415649414,0.0013847351074218,0.0016059875488281,105,best_effort,0.23333333333333334,0,0,0,0,300.0,1447200000000,1447500000000,2,710383050551,0.0032501220703125,3.973978996276856
VM202802,326995662958,69925,8,0.0056686401367187,0.00262451171875,0.0004005432128906,0.0003395080566406,0.0012378692626953,0.0007743835449218,0,free,0.0,0,0,0,0,4.0,2482342000000,2482346000000,1,8858314369,0.00262451171875,1.2813254594802856
VM124707,357875318529,4381,6,0.0081024169921875,0.0016155242919921,0.014678955078125,0.0011253356933593,0.02984619140625,0.0014629364013671,117,mid,0.26,1,0,0,0,300.0,1780500000000,1780800000000,1,2173036640,0.0022392272949218,0.6335251927375793
VM225913,35039733202,396,5,0.0056686401367187,0.00262451171875,0.0005035400390625,0.0040359497070312,0.0024070739746093,0.0040359497070312,200,production,0.4444444444444444,3,0,1,1,300.0,1043400000000,1043700000000,1,17007004125,0.0,2.396871328353882
VM91717,280881358282,1675,1,0.0498046875,0.0177001953125,0.06640625,0.00399398803710935,0.279296875,0.0054702758789062,103,best_effort,0.2288888888888889,3,0,0,0,633251.0,1397400000000,2030651000000,2,398195343582,0.0177001953125,0.6467981040477753
VM128885,755686677250,8128,3,0.0066299438476562,0.0036849975585937,0.0002059936523437,0.001535415649414,0.0013847351074218,0.0016059875488281,105,best_effort,0.23333333333333334,0,0,0,0,300.0,1447200000000,1447500000000,1,687927389715,0.0032501220703125,3.973978996276856
VM185808,275444470689,244,7,0.0056381225585937,0.0024642944335937,0.0,9.5367431640625e-05,0.0,9.5367431640625e-05,0,free,0.0,0,0,0,0,1.0,189723000000,189724000000,1,168848565071,0.0026054382324218,
VM22460,496921116211,5755,2,0.0081024169921875,0.0036125183105468,0.0,9.5367431640625e-07,0.0,9.5367431640625e-07,0,free,0.0,0,0,0,0,1.0,2152596000000,2152597000000,1,91081125,0.0036125183105468,
VM72354,479206638597,3350,2,0.0095977783203125,0.0097503662109375,0.0003204345703125,0.0069732666015625,0.0013809204101562,0.0069808959960937,103,best_effort,0.2288888888888889,1,0,0,0,300.0,1071900000000,1072200000000,1,226027516173,0.008697509765625,3.705334186553955
VM45231,218059363361,931,5,0.0789794921875,0.0390625,0.074462890625,0.027008056640625,0.1640625,0.02728271484375,360,monitoring,0.8,2,1,0,0,300.0,183300000000,183600000000,1,155120317186,0.04296875,
VM236384,815322757780,2475,4,0.0081024169921875,0.0036125183105468,0.0133514404296875,0.0033645629882812,0.0714111328125,0.0036125183105468,0,free,0.0,0,0,0,0,300.0,2001900000000,2002200000000,1,3648203940,0.0036125183105468,0.8808229565620422
VM91164,228944603775,1583,5,0.0097198486328125,0.0022125244140625,0.011260986328125,0.0014381408691406,0.026336669921875,0.0015926361083984,0,free,0.0,0,0,0,0,300.0,1287000000000,1287300000000,2,173167122852,0.0023689270019531,0.6753432750701904
VM54378,203515534686,432,2,0.0081024169921875,0.0052108764648437,0.0003166198730468,0.0002155303955078,0.0023765563964843,0.0002174377441406,205,production,0.45555555555555555,2,0,1,1,300.0,2385000000000,2385300000000,1,231234545418,0.0,3.4508657455444336
VM141833,308136397922,476,8,0.03326416015625,0.004119873046875,0.04876708984375,0.0035781860351562,0.05963134765625,0.0036888122558593,103,best_effort,0.2288888888888889,0,0,1,0,300.0,216900000000,217200000000,1,731211460,0.005035400390625,0.7145217657089233
VM114568,315268991185,824,6,0.0020256042480468,0.0053253173828125,0.00830078125,0.0017681121826171,0.01605224609375,0.0022163391113281,200,production,0.4444444444444444,1,0,0,0,300.0,1200000000,1500000000,1,10142201797,0.00262451171875,1.000588059425354
VM135611,454520770906,435,2,0.01629638671875,0.0037307739257812,0.000518798828125,0.0026702880859375,0.0023345947265625,0.0026702880859375,116,mid,0.2577777777777778,0,1,0,0,300.0,120300000000,120600000000,1,38977425332,0.0050125122070312,
VM78892,357875359524,933,6,0.0875244140625,0.0032539367675781,0.130126953125,0.0049896240234375,0.30615234375,0.005645751953125,200,production,0.4444444444444444,1,0,0,0,300.0,1450500000000,1450800000000,2,19369723972,0.0079803466796875,0.8173756003379822
VM230123,457356859499,2440,2,0.0024642944335937,0.0066146850585937,0.0007514953613281,0.003936767578125,0.0338134765625,0.0067138671875,103,best_effort,0.2288888888888889,0,0,1,0,300.0,234300000000,234600000000,1,226027303332,0.009185791015625,1.1283751726150513
VM235676,2086375142,258,7,0.1943359375,0.0521240234375,0.00640869140625,0.0014286041259765,0.017120361328125,0.0014495849609375,450,monitoring,1.0,3,1,1,1,300.0,909600000000,909900000000,1,128186767,0.0044403076171875,
VM172564,501622100022,1759,2,0.0087127685546875,0.0079193115234375,0.0032081604003906,0.0033988952636718,0.06024169921875,0.0034599304199218,103,best_effort,0.2288888888888889,0,0,0,0,300.0,2571300000000,2571600000000,1,24650038947,0.0061569213867187,4.241825580596924
VM26531,204585818253,1430,6,0.0140838623046875,0.009552001953125,0.0001707077026367,0.0006589889526367,0.0008106231689453,0.0006608963012695,200,production,0.4444444444444444,0,0,1,1,300.0,2521200000000,2521500000000,1,8902168,0.0007886886596679,3.320597648620605
VM114277,313707419076,46,8,0.072998046875,0.0134124755859375,0.032470703125,0.031158447265625,0.1004638671875,0.031158447265625,200,production,0.4444444444444444,3,1,0,0,300.0,1558800000000,1559100000000,1,559991681,0.0134124755859375,
VM173867,31644335,384,7,0.0704345703125,0.0416259765625,0.0474853515625,0.033935546875,0.0667724609375,0.03411865234375,200,production,0.4444444444444444,3,0,1,1,300.0,526200000000,526500000000,1,6864432253,0.0416259765625,2.39029598236084
VM155148,315268991185,189,6,0.0338134765625,0.0069351196289062,0.00830078125,0.0017681121826171,0.01605224609375,0.0022163391113281,200,production,0.4444444444444444,1,0,0,0,300.0,1200000000,1500000000,1,9988285329,0.00262451171875,1.000588059425354
VM85032,12983065531,506,6,0.0528564453125,0.0062713623046875,0.0213623046875,0.003875732421875,0.0614013671875,0.0050201416015625,119,mid,0.2644444444444444,1,0,0,0,300.0,386700000000,387000000000,2,9983694421,0.0078125,0.8695022463798523
VM24863,357875317546,20025,6,0.0081024169921875,0.0014705657958984,0.0001821517944335,8.7738037109375e-05,0.0003643035888671,8.7738037109375e-05,117,mid,0.26,1,0,0,0,2.0,1566536000000,1566538000000,1,278587030236,0.0014705657958984,2.817126035690308
VM80928,326995754843,14412,8,0.0056686401367187,0.00262451171875,0.0002317428588867,0.0003833770751953,0.0006780624389648,0.0006160736083984,200,production,0.4444444444444444,1,0,0,0,4.0,2516859000000,2516863000000,1,162083223859,0.00262451171875,
VM188936,25911627449,2664,2,0.0022201538085937,0.0002355575561523,0.0,9.5367431640625e-06,0.0,9.5367431640625e-06,0,free,0.0,2,0,0,0,1.0,1334713000000,1334714000000,1,16668448334,0.000370979309082,2.39462685585022
VM197452,287955959385,6872,7,0.0081024169921875,0.0036125183105468,0.0001516342163085,0.0006580352783203,0.0008563995361328,0.0006580352783203,0,free,0.0,0,0,0,0,300.0,2131800000000,2132100000000,1,3194170509,0.0036125183105468,4.450101375579834
VM182816,4741149133,4476,6,0.0014972686767578,0.0003366470336914,0.0006971359252929,0.0002698898315429,0.0019264221191406,0.0002822875976562,200,production,0.4444444444444444,2,0,1,1,300.0,1302900000000,1303200000000,1,4284766931,0.0004348754882812,1.918680548667908
VM157145,54687713003,3102,5,0.0016193389892578,0.0032539367675781,7.62939453125e-05,0.0006084442138671,0.0005779266357421,0.0006084442138671,103,best_effort,0.2288888888888889,3,0,1,1,300.0,727800000000,728100000000,1,19313627033,0.0032424926757812,4.5125412940979
VM89330,4741149133,3607,6,0.0014972686767578,0.0003366470336914,0.0009517669677734,0.0002803802490234,0.0035667419433593,0.0002985000610351,200,production,0.4444444444444444,2,0,0,0,300.0,255300000000,255600000000,1,21038571810,0.0003366470336914,1.8735876083374023
VM155804,820216241860,2076,4,0.0137786865234375,0.0013027191162109,0.0112762451171875,0.0069961547851562,0.0550537109375,0.0126800537109375,360,monitoring,0.8,2,0,1,1,300.0,2526600000000,2526900000000,1,3645383173,0.0,1.1966845989227295
VM66767,756094638917,848,3,0.007293701171875,0.0042190551757812,0.0015926361083984,0.0022125244140625,0.018035888671875,0.0023269653320312,105,best_effort,0.23333333333333334,0,0,1,0,300.0,1492800000000,1493100000000,1,351918453319,0.0037002563476562,3.1246566772460938
VM51790,276563761950,393,7,0.021575927734375,0.0013027191162109,0.014739990234375,0.0082550048828125,0.0479736328125,0.0153350830078125,360,monitoring,0.8,2,0,0,0,300.0,771900000000,772200000000,3,10114350036,0.0,
VM72940,276590052272,35,7,0.09716796875,0.007354736328125,0.018707275390625,0.0041275024414062,0.04412841796875,0.0042343139648437,103,best_effort,0.2288888888888889,0,0,0,0,300.0,324000000000,324300000000,1,208653578984,0.0104217529296875,1.0625375509262085
VM121767,374675907533,655,1,0.0006914138793945,0.0052413940429687,0.0043716430664062,0.0042724609375,0.030364990234375,0.0043106079101562,105,best_effort,0.23333333333333334,1,0,1,1,300.0,618900000000,619200000000,1,938906598,0.0052413940429687,1.718021273612976
VM71423,276591425608,500,6,0.0091552734375,0.0013027191162109,0.0035362243652343,0.00421142578125,0.03851318359375,0.008697509765625,360,monitoring,0.8,2,0,1,0,300.0,112500000000,112800000000,2,10468925245,0.0,0.5527583956718445
VM99762,781075799931,237,4,0.0146026611328125,0.0013027191162109,0.0,9.5367431640625e-07,0.0,9.5367431640625e-07,360,monitoring,0.8,2,0,1,0,1.0,265925000000,265926000000,1,265228700,0.0,
VM06857,236368116431,114023,5,0.0081024169921875,0.0036125183105468,0.0001516342163085,0.0006961822509765,0.0009651184082031,0.0006980895996093,0,free,0.0,0,0,1,1,300.0,2103600000000,2103900000000,1,21891816043,0.006683349609375,4.202824115753174
VM222277,273164830008,94,8,0.0704345703125,0.0416259765625,0.0002908706665039,0.0005102157592773,0.0008535385131835,0.0005149841308593,200,production,0.4444444444444444,3,0,0,0,300.0,532200000000,532500000000,1,10367718168,0.0416259765625,2.1845529079437256
VM196105,261561505318,848,8,0.022552490234375,0.0013027191162109,0.0034217834472656,0.0036072731018066,0.0240478515625,0.0111846923828125,360,monitoring,0.8,2,0,1,1,248829.0,399900000000,648729000000,2,221660207993,0.0,0.9041306972503662
VM47610,330587172974,1007,1,0.022918701171875,0.03265380859375,0.027008056640625,0.01953125,0.128662109375,0.0208740234375,101,best_effort,0.22444444444444445,2,1,1,0,300.0,2000100000000,2000400000000,2,35892175075,0.03265380859375,
VM29762,156608138934,1065,5,0.0841064453125,0.07421875,0.073486328125,0.04644775390625,0.3447265625,0.05133056640625,105,best_effort,0.23333333333333334,2,1,0,0,300.0,26700000000,27000000000,1,3302930793,0.07421875,
VM149800,96110857594,6198,6,0.0007925033569335,0.0010128021240234,0.0051193237304687,0.0042572021484375,0.0145111083984375,0.0042800903320312,200,production,0.4444444444444444,3,0,0,0,300.0,54300000000,54600000000,1,5812378438,0.0,2.313839912414551
VM66116,219840706319,189,5,0.0455322265625,0.0054702758789062,0.04656982421875,0.00244140625,0.08203125,0.0026969909667968,103,best_effort,0.2288888888888889,0,0,0,0,27.0,150600000000,150627000000,1,42492432141,0.0054702758789062,
VM168897,284637788259,926,7,0.009490966796875,0.0046539306640625,0.0,7.43865966796875e-05,0.0010013580322265,7.62939453125e-05,103,best_effort,0.2288888888888889,2,0,0,0,4.0,1081846000000,1081850000000,1,6267063179,0.0051651000976562,1.751508712768555
VM212798,324708383074,1252,8,0.0056686401367187,0.00262451171875,0.0064544677734375,0.0023956298828125,0.0152130126953125,0.0027542114257812,0,free,0.0,0,0,0,0,300.0,2107200000000,2107500000000,1,1010052533,0.0029373168945312,0.9807948470115662
VM38126,157857385389,1731,8,0.03564453125,0.1041259765625,0.005439758300781199,0.129638671875,0.05572509765625,0.129638671875,103,best_effort,0.2288888888888889,1,0,0,0,300.0,1580400000000,1580700000000,3,311870766305,0.1875,4.109884738922119
VM99235,823800290622,1462,4,0.00994873046875,0.187744140625,0.0001249313354492,0.0005731582641601,0.0002717971801757,0.0005731582641601,105,best_effort,0.23333333333333334,1,0,1,0,4.0,2470193000000,2470197000000,1,114171954475,0.1009521484375,
VM209808,770384785167,434,4,0.016021728515625,0.0013027191162109,0.014556884765625,0.0101318359375,0.0654296875,0.0154266357421875,360,monitoring,0.8,2,0,1,0,300.0,95700000000,96000000000,1,729257549259,0.0,1.215799331665039
VM131715,222220476792,28896,5,0.0056686401367187,0.00262451171875,0.0013236999511718,0.0009412765502929,0.00823974609375,0.0011100769042968,0,free,0.0,0,0,1,1,300.0,792000000000,792300000000,1,2315397060,0.00262451171875,0.8832755088806152
VM121220,455759122797,1067,2,0.0071792602539062,0.0064239501953125,0.0037651062011718,0.0052261352539062,0.008453369140625,0.0052337646484375,103,best_effort,0.2288888888888889,2,0,1,0,300.0,93000000000,93300000000,1,30731705013,0.0072250366210937,1.4197988510131836
VM182473,236368116431,71858,5,0.0081024169921875,0.0036125183105468,0.0002002716064453,0.0006771087646484,0.0008182525634765,0.0006790161132812,0,free,0.0,0,0,0,0,300.0,2249100000000,2249400000000,1,34302081324,0.006683349609375,3.4928548336029053
VM217677,324708383074,13742,8,0.0056686401367187,0.00262451171875,0.0071182250976562,0.0021553039550781,0.015472412109375,0.0022048950195312,0,free,0.0,0,0,1,1,300.0,2285700000000,2286000000000,1,181800115880,0.00262451171875,1.3637266159057615
VM147863,334273855860,64,6,0.0064315795898437,0.0021629333496093,0.003997802734375,0.0016345977783203,0.016326904296875,0.0016727447509765,115,best_effort,0.25555555555555554,1,0,0,0,300.0,283500000000,283800000000,1,309501897063,0.0021629333496093,0.8156928420066833
VM05350,212549596499,92,5,0.016204833984375,0.0026054382324218,0.0128021240234375,0.0014533996582031,0.041259765625,0.0021896362304687,0,free,0.0,0,0,0,0,300.0,20400000000,20700000000,1,41507000636,0.0026054382324218,0.6759647130966187
VM170284,500459624427,11777,2,0.0020256042480468,0.0013961791992187,0.0069656372070312,0.0028343200683593,0.02618408203125,0.0028572082519531,103,best_effort,0.2288888888888889,1,0,1,0,300.0,2457000000000,2457300000000,1,28559403935,0.0040130615234375,2.5718650817871094
VM55887,296992962690,291,7,0.09716796875,0.0067672729492187,0.0121917724609375,0.004119873046875,0.026611328125,0.004241943359375,103,best_effort,0.2288888888888889,0,0,0,0,300.0,2101200000000,2101500000000,1,20879440034,0.0067901611328125,1.3624058961868286
VM21667,494453304607,20720,2,0.0067825317382812,0.0033607482910156,0.0015869140625,0.0022430419921875,0.012420654296875,0.0022735595703125,103,best_effort,0.2288888888888889,1,0,0,0,300.0,1401600000000,1401900000000,1,43738995227,0.0038070678710937,0.9468292593955994
VM92663,500688938309,190,2,0.022552490234375,0.0066986083984375,0.0001583099365234,0.0001983642578125,0.0009632110595703,0.0002012252807617,0,free,0.0,1,0,1,0,300.0,2481600000000,2481900000000,1,28546876729,0.0075302124023437,3.100947380065918
VM169440,755686677250,9617,3,0.0066299438476562,0.0036849975585937,0.0002059936523437,0.001535415649414,0.0013847351074218,0.0016059875488281,105,best_effort,0.23333333333333334,0,0,0,0,300.0,1447200000000,1447500000000,1,85303680068,0.0032501220703125,3.973978996276856
VM236412,795842128488,1604,4,0.000528335571289,0.0032539367675781,0.0001754760742187,0.0013999938964843,0.0002679824829101,0.0013999938964843,107,best_effort,0.23777777777777778,0,0,0,0,9.0,685791000000,685800000000,1,19504659054,0.0032539367675781,3.022037506103516
VM119636,297489629603,12175,7,0.0056686401367187,0.00262451171875,0.0047760009765625,0.0020866394042968,0.01190185546875,0.0023345947265625,0,free,0.0,0,0,0,0,300.0,2321100000000,2321400000000,1,7256858069,0.0027809143066406,1.0949974060058594
VM17259,228864253096,804,5,0.104736328125,0.0390625,0.085205078125,0.0230712890625,0.27197265625,0.02325439453125,360,monitoring,0.8,2,1,0,0,300.0,1618500000000,1618800000000,1,13463541,0.041015625,
VM05017,784488673642,13847,4,0.0004405975341796,0.011016845703125,0.000218391418457,0.0008964538574218,0.0007944107055664,0.000899314880371,105,best_effort,0.23333333333333334,1,0,1,0,300.0,1342800000000,1343100000000,8,131261239283,0.011016845703125,3.684666156768799
VM48475,330587213089,350,1,0.024322509765625,0.0013027191162109,0.032958984375,0.016576131184895832,0.101806640625,0.020477294921875,360,monitoring,0.8,2,0,1,1,788700.0,943800000000,1732500000000,3,104795189853,0.0,1.0071218212445576
VM118735,358931119334,1509,6,0.0018482208251953,0.0012454986572265,0.0010910034179687,0.0009822845458984,0.0043869018554687,0.0009841918945312,103,best_effort,0.2288888888888889,0,0,0,0,295.0,1504505000000,1504800000000,1,9017121,0.0012702941894531,3.5624489784240723
VM136984,315268937146,1751,6,0.0081024169921875,0.0013351440429687,0.0003423690795898,0.0003528594970703,0.0007543563842773,0.0007104873657226,117,mid,0.26,1,0,1,1,3.0,404420000000,404423000000,1,86694176968,0.0014915466308593,2.560718297958374
VM79545,145247935279,2378,5,0.0120697021484375,0.0059127807617187,7.915496826171875e-05,0.0006723403930664,0.000523567199707,0.0006742477416992,103,best_effort,0.2288888888888889,3,0,1,1,300.0,2403900000000,2404200000000,1,79279070,0.0032424926757812,3.4183132648468018
VM161950,454520770906,1762,2,0.01629638671875,0.0045166015625,0.000518798828125,0.0026702880859375,0.0023345947265625,0.0026702880859375,116,mid,0.2577777777777778,0,1,0,0,300.0,120300000000,120600000000,1,91189635,0.0050125122070312,
VM194004,145247935279,2324,5,0.0081024169921875,0.0014705657958984,7.915496826171875e-05,0.0006723403930664,0.000523567199707,0.0006742477416992,103,best_effort,0.2288888888888889,3,0,1,1,300.0,2403900000000,2404200000000,1,191149947724,0.0032424926757812,3.4183132648468018
VM31813,288497456405,5842,6,0.0081024169921875,0.0038566589355468,0.0003786087036132,0.001953125,0.0050048828125,0.0019645690917968,200,production,0.4444444444444444,3,0,0,0,300.0,2546100000000,2546400000000,1,346552897219,0.0,3.1568944454193115
VM225454,281804868967,130,7,0.0008802413940429,0.00146484375,0.0002403259277343,1.239776611328125e-05,0.0004806518554687,1.239776611328125e-05,103,best_effort,0.2288888888888889,1,0,0,0,2.0,646709000000,646711000000,1,5751807360,0.0031509399414062,2.42534613609314
VM02258,755686677250,2667,3,0.0066299438476562,0.0036849975585937,0.0002059936523437,0.001535415649414,0.0013847351074218,0.0016059875488281,105,best_effort,0.23333333333333334,0,0,0,0,300.0,1447200000000,1447500000000,4,188388763075,0.0032501220703125,3.973978996276856
VM186461,383128227073,2251,1,0.0025520324707031,0.0016555786132812,0.0043563842773437,0.0014686584472656,0.004669189453125,0.0014686584472656,107,best_effort,0.23777777777777778,0,0,1,0,3.0,1064173000000,1064176000000,1,70522175353,0.0016555786132812,
VM98516,67769965280,446,5,0.0007047653198242,0.0012741088867187,0.0045928955078125,0.0008707046508789,0.0124664306640625,0.0008878707885742,200,production,0.4444444444444444,3,0,1,1,300.0,450000000000,450300000000,1,191792144190,0.0,2.6729815006256104
VM171836,774720011087,2121,4,0.01593017578125,0.0013027191162109,0.0,9.5367431640625e-07,0.0,1.9073486328125e-06,360,monitoring,0.8,2,0,1,0,2.0,75298000000,75300000000,1,225677122284,0.0,1.240714192390442
VM62932,496921116211,32399,2,0.0081024169921875,0.0036125183105468,0.00044012069702145,0.0003266334533691031,0.0061798095703125,0.0006532669067382,0,free,0.0,0,0,1,1,100548.0,2052049000000,2152597000000,2,20658037350,0.0036125183105468,
VM210690,779828507680,1870,3,0.0018939971923828,0.0015792846679687,9.5367431640625e-07,0.0003423690795898,8.58306884765625e-05,0.0003442764282226,105,best_effort,0.23333333333333334,0,0,0,0,4.0,2546468000000,2546472000000,1,757540744442,0.0015792846679687,
VM41411,45822701222,626,2,0.0044021606445312,0.003997802734375,0.0001583099365234,0.0011615753173828,0.0005578994750976,0.0011634826660156,119,mid,0.2644444444444444,2,0,1,1,300.0,1970700000000,1971000000000,1,28077232019,0.003997802734375,1.6635005474090576
VM106393,280864921119,2144,7,0.019378662109375,0.0013027191162109,0.01690673828125,0.003952503204345703,0.24072265625,0.0154266357421875,360,monitoring,0.8,2,0,1,1,106493.0,1945507000000,2052000000000,2,85535239,0.0,1.6410671472549438
VM193456,286424453407,966,7,0.0316162109375,0.0033683776855468,0.03350830078125,0.0023460388183593,0.07568359375,0.0033683776855468,101,best_effort,0.22444444444444445,1,1,0,0,300.0,1413300000000,1413600000000,1,22083652703,0.0033683776855468,
VM53278,784488673642,19420,4,0.0004405975341796,0.011016845703125,0.000218391418457,0.0008964538574218,0.0007944107055664,0.000899314880371,105,best_effort,0.23333333333333334,1,0,1,0,300.0,1342800000000,1343100000000,8,225984278116,0.011016845703125,3.684666156768799
VM91028,460016548579,720,2,0.01629638671875,0.0036239624023437,0.0203857421875,0.0025215148925781,0.04345703125,0.0025291442871093,116,mid,0.2577777777777778,0,1,0,0,300.0,441000000000,441300000000,1,16668426974,0.0036201477050781,
VM74929,45822617229,859,2,0.0065155029296875,0.0145721435546875,0.0055007934570312,0.0020828247070312,0.0127716064453125,0.0021171569824218,119,mid,0.2644444444444444,2,0,1,1,300.0,220500000000,220800000000,1,17794626577,0.003997802734375,1.4969652891159058
VM167510,288497448483,9235,6,0.0316162109375,0.0033683776855468,0.0055389404296875,0.0031204223632812,0.0203857421875,0.0031280517578125,200,production,0.4444444444444444,3,1,0,0,300.0,1805100000000,1805400000000,1,2830445598,0.00390625,
VM87338,4741149133,4954,6,0.0014972686767578,0.0003366470336914,0.0009517669677734,0.0002803802490234,0.0035667419433593,0.0002985000610351,200,production,0.4444444444444444,2,0,0,0,300.0,255300000000,255600000000,1,11339047,0.0003366470336914,1.8735876083374023
VM230691,4143583168,4968,6,0.0043182373046875,0.0718994140625,0.0009469985961914,0.0005397796630859,0.0035514831542968,0.0005464553833007,200,production,0.4444444444444444,3,0,1,1,300.0,193200000000,193500000000,1,278589260122,0.0,2.925516366958618
VM06182,93247928673,20121,6,0.03521728515625,0.0106201171875,0.025421142578125,0.0078277587890625,0.0826416015625,0.008544921875,200,production,0.4444444444444444,3,0,0,0,300.0,994500000000,994800000000,1,21393918572,0.0106201171875,0.5822352170944214
VM154819,4741149103,3641,6,0.0013198852539062,0.0003652572631835,0.0005064010620117,0.0002689361572265,0.00244140625,0.0003032684326171,200,production,0.4444444444444444,2,0,0,0,300.0,2248500000000,2248800000000,1,21406759518,0.0004310607910156,1.660175085067749
VM168095,244222242720,2843,4,0.0019054412841796,0.0002756118774414,0.0015335083007812,0.0002288818359375,0.004608154296875,0.0002422332763671,103,best_effort,0.2288888888888889,2,0,0,0,256.0,2110500000000,2110756000000,1,5578619529,0.0002937316894531,1.2859282493591309
VM203515,323373698113,1187,8,0.0064773559570312,0.0015621185302734,0.0008926391601562,0.001129150390625,0.0035552978515625,0.0011444091796875,200,production,0.4444444444444444,2,0,0,0,300.0,2066700000000,2067000000000,1,1009315517,0.0015621185302734,3.626736879348755
VM92963,197160313337,19,5,0.03240966796875,0.020843505859375,0.000314712524414,0.01123046875,0.0022048950195312,0.0112457275390625,105,best_effort,0.23333333333333334,1,0,1,0,300.0,2469900000000,2470200000000,1,79303571,0.03961181640625,3.441633701324463
VM167796,346556401280,16827,6,0.04119873046875,0.0104217529296875,0.0010490417480468,6.580352783203125e-05,0.013275146484375,6.961822509765625e-05,103,best_effort,0.2288888888888889,1,0,1,0,3.0,708228000000,708231000000,1,206767153914,0.0104217529296875,0.9983146786689758
VM226208,740838078850,104,3,0.005584716796875,0.0316162109375,0.0001249313354492,0.0133819580078125,0.0003881454467773,0.0133819580078125,105,best_effort,0.23333333333333334,1,0,1,0,32.0,279000000000,279032000000,1,741487926,0.0316162109375,2.159464120864868
VM16430,237608136494,263,5,0.0040512084960937,0.00390625,6.866455078125e-05,0.0009088516235351,0.0005359649658203,0.0009117126464843,200,production,0.4444444444444444,2,0,0,0,300.0,1967700000000,1968000000000,3,154444967040,0.00390625,3.7840094566345215
VM136681,497868620794,1666,2,0.0043182373046875,0.0077743530273437,0.000584602355957,0.0031929016113281,0.0043106079101562,0.0031929016113281,103,best_effort,0.2288888888888889,1,0,1,1,234.0,2005866000000,2006100000000,1,226188727894,0.0089569091796875,1.0954270362854004
VM174921,145247935279,21,5,0.01654052734375,0.01983642578125,7.915496826171875e-05,0.0006723403930664,0.000523567199707,0.0006742477416992,103,best_effort,0.2288888888888889,3,0,1,1,300.0,2403900000000,2404200000000,1,22801823894,0.0032424926757812,3.4183132648468018
VM88732,315267873672,1711,6,0.022003173828125,0.015350341796875,0.0001640319824218,9.632110595703124e-05,0.0004358291625976,9.72747802734375e-05,0,free,0.0,0,0,0,0,3.0,26808000000,26811000000,1,309501904289,0.0026054382324218,1.3155628442764282
VM114503,820216241860,1912,4,0.01556396484375,0.0013027191162109,0.0112762451171875,0.0069961547851562,0.0550537109375,0.0126800537109375,360,monitoring,0.8,2,0,1,1,300.0,2526600000000,2526900000000,2,9712435286,0.0,1.1966845989227295
VM163467,19273454461,884,3,0.1214599609375,0.02020263671875,0.05987548828125,0.018157958984375,0.216552734375,0.0181884765625,200,production,0.4444444444444444,3,0,1,1,300.0,2175900000000,2176200000000,1,179303403035,0.0,0.6280941367149353
VM79269,795842128488,1076,4,0.000528335571289,0.0032539367675781,0.0001754760742187,0.0013999938964843,0.0002679824829101,0.0013999938964843,107,best_effort,0.23777777777777778,0,0,0,0,9.0,685791000000,685800000000,1,114054477820,0.0032539367675781,3.022037506103516
VM166214,294544747384,3814,8,0.0066070556640625,0.0052108764648437,0.0008907318115234,0.0010910034179687,0.00299072265625,0.0011062622070312,103,best_effort,0.2288888888888889,1,0,0,0,300.0,1812600000000,1812900000000,1,123292320446,0.0052108764648437,2.847310781478882
VM88263,10121672,31,6,0.0704345703125,0.0390625,0.05914306640625,0.019927978515625,0.127197265625,0.020263671875,360,monitoring,0.8,2,0,1,1,300.0,474900000000,475200000000,1,55644188690,0.0,1.798543095588684
VM225906,219041097654,292,5,0.0452880859375,0.0054779052734375,7.152557373046875e-05,2.86102294921875e-05,0.0002603530883789,2.956390380859375e-05,103,best_effort,0.2288888888888889,0,0,0,0,4.0,73341000000,73345000000,1,15978470163,0.0054779052734375,
VM140018,151749212030,267,4,0.0042266845703125,0.04541015625,0.0001449584960937,0.0001564025878906,0.0010185241699218,0.0001592636108398,200,production,0.4444444444444444,1,0,1,1,300.0,192600000000,192900000000,1,50777389506,0.0,2.665431022644043
VM214419,222010337730,3225,5,0.0056686401367187,0.0015621185302734,0.0006580352783203,0.000807762145996,0.009033203125,0.0011653900146484,117,mid,0.26,1,0,0,0,300.0,723300000000,723600000000,1,29944000026,0.0015621185302734,0.8548508882522583
VM126734,346556401280,1841,6,0.04119873046875,0.0104217529296875,0.0010490417480468,6.580352783203125e-05,0.013275146484375,6.961822509765625e-05,103,best_effort,0.2288888888888889,1,0,1,0,3.0,708228000000,708231000000,1,160085544674,0.0104217529296875,0.9983146786689758
VM91517,275444479605,2904,7,0.0056686401367187,0.00262451171875,0.004003524780273399,0.000981330871582,0.0107421875,0.0013160705566406,0,free,0.0,0,0,1,1,252900.0,178500000000,431400000000,2,19946205761,0.00262451171875,0.9435884654521942
VM205193,455905931837,1123,2,0.0088043212890625,0.0010318756103515,0.0029487609863281,0.0006980895996093,0.0074996948242187,0.0006999969482421,103,best_effort,0.2288888888888889,0,0,0,0,300.0,126600000000,126900000000,1,16457939339,0.0013618469238281,3.420666456222534
VM205610,4143581522,2030,6,0.0039901733398437,0.0009698867797851,0.0009059906005859,0.066162109375,0.0051040649414062,0.066162109375,200,production,0.4444444444444444,3,1,0,0,300.0,1990200000000,1990500000000,1,9990137360,0.0718994140625,
VM88869,315268991185,6650,6,0.0056686401367187,0.00262451171875,0.0086822509765625,0.0014495849609375,0.019805908203125,0.0015716552734375,200,production,0.4444444444444444,1,0,0,0,300.0,392400000000,392700000000,1,183226304273,0.00262451171875,0.7134714722633362
VM80155,300836087305,610,6,0.020355224609375,0.0013027191162109,0.0169677734375,0.0108795166015625,0.0540771484375,0.0126190185546875,360,monitoring,0.8,2,0,1,0,300.0,747900000000,748200000000,1,10632222569,0.0,1.0024088621139526
VM12598,20754560778,2253,6,0.0177001953125,0.05810546875,0.0021705627441406,0.0041122436523437,0.0054397583007812,0.004119873046875,200,production,0.4444444444444444,3,0,0,0,300.0,912900000000,913200000000,1,2195801315,0.0,2.245311975479126
VM55137,823800290622,820,4,0.00994873046875,0.187744140625,0.0001249313354492,0.0005731582641601,0.0002717971801757,0.0005731582641601,105,best_effort,0.23333333333333334,1,0,1,0,4.0,2470193000000,2470197000000,1,225227296744,0.1009521484375,
VM02948,297448702423,231,7,0.0009689331054687,0.0014228820800781,7.915496826171875e-05,0.0003061294555664,0.0003156661987304,0.0003061294555664,103,best_effort,0.2288888888888889,1,0,1,0,4.0,2226024000000,2226028000000,2,284661164206,0.0014228820800781,
VM234743,275444626052,5164,7,0.0056686401367187,0.0015621185302734,0.0042572021484375,0.0013160705566406,0.012481689453125,0.0016536712646484,117,mid,0.26,1,0,0,0,300.0,343800000000,344100000000,1,4685101347,0.0021896362304687,0.6466888785362244
VM119715,296992962690,8,7,0.09716796875,0.0067672729492187,0.0121917724609375,0.004119873046875,0.026611328125,0.004241943359375,103,best_effort,0.2288888888888889,0,0,0,0,300.0,2101200000000,2101500000000,1,22198472496,0.0067901611328125,1.3624058961868286
VM16319,294544747384,2702,8,0.0066070556640625,0.0052108764648437,0.0008907318115234,0.0010910034179687,0.00299072265625,0.0011062622070312,103,best_effort,0.2288888888888889,1,0,0,0,300.0,1812600000000,1812900000000,1,276448961899,0.0052108764648437,2.847310781478882
VM220612,260725669813,1406,7,0.0111541748046875,0.0013027191162109,0.0063629150390625,0.006500244140625,0.029083251953125,0.0095977783203125,360,monitoring,0.8,2,0,1,0,300.0,1175100000000,1175400000000,1,284661120314,0.0,3.3660099506378174
VM208707,359454670244,7945,6,0.006072998046875,0.0709228515625,0.0032958984375,0.010040283203125,0.05902099609375,0.0100860595703125,103,best_effort,0.2288888888888889,1,0,0,0,300.0,1710000000000,1710300000000,1,332673015340,0.0694580078125,1.0358319282531738
VM115515,460275289354,210,2,0.0179443359375,0.0653076171875,0.0049057006835937,0.00335693359375,0.03106689453125,0.0033798217773437,103,best_effort,0.2288888888888889,1,1,0,0,300.0,506100000000,506400000000,1,226027303325,0.0731201171875,
VM204042,775082942380,11455,3,0.0067214965820312,0.0126190185546875,5.626678466796875e-05,0.0001602172851562,0.0001678466796875,0.0001611709594726,103,best_effort,0.2288888888888889,1,0,1,0,3.0,2186397000000,2186400000000,1,173996454585,0.0059890747070312,
VM170799,286009849055,254,8,0.0810546875,0.026580810546875,0.0001325607299804,0.0001420974731445,0.0009975433349609,0.0001449584960937,200,production,0.4444444444444444,1,0,0,0,300.0,2467800000000,2468100000000,1,10367694349,0.0,3.561823844909668
VM42684,5832223966,198,7,0.1943359375,0.0521240234375,0.0150909423828125,0.0020523071289062,0.0557861328125,0.0020751953125,450,monitoring,1.0,3,1,1,1,300.0,2227500000000,2227800000000,1,21738909890,0.00750732421875,
VM78725,330587172974,356,1,0.022918701171875,0.03265380859375,0.027008056640625,0.01953125,0.128662109375,0.0208740234375,101,best_effort,0.22444444444444445,2,1,1,0,300.0,2000100000000,2000400000000,3,104792555327,0.03265380859375,
VM137333,742554096980,668,3,0.0029067993164062,0.0013446807861328,0.0020484924316406,0.0009126663208007,0.0110931396484375,0.0009469985961914,103,best_effort,0.2288888888888889,0,0,0,0,300.0,412200000000,412500000000,1,9377743,0.0013446807861328,0.907301664352417
VM162427,11501329772,2911,6,0.0016193389892578,0.0020751953125,0.0004453659057617,0.0006313323974609,0.0013198852539062,0.0006322860717773,200,production,0.4444444444444444,3,0,0,0,300.0,570000000000,570300000000,1,7602150474,0.0020751953125,1.0573439598083496
VM126042,287956133539,17163,7,0.0056686401367187,0.0015621185302734,0.00714111328125,0.001504898071289,0.02020263671875,0.0016078948974609,117,mid,0.26,1,0,1,1,300.0,2203200000000,2203500000000,1,141316498046,0.0021896362304687,1.0590640306472778
VM209944,315267869575,2083,6,0.0081024169921875,0.0065078735351562,0.0015830993652343,0.0036239624023437,0.005035400390625,0.00372314453125,0,free,0.0,0,0,0,0,300.0,79200000000,79500000000,1,17781368429,0.0065078735351562,3.691506385803223
VM176079,128057576314,190,5,0.0089263916015625,0.0003175735473632,0.0002174377441406,0.0002107620239257,0.0018024444580078,0.000213623046875,205,production,0.45555555555555555,2,0,1,1,300.0,1022700000000,1023000000000,1,210283006028,0.0,2.7819573879241943
VM152492,737327470532,16852,3,0.0002202987670898,0.0097503662109375,6.4849853515625e-05,0.0087432861328125,0.0004491806030273,0.0087432861328125,103,best_effort,0.2288888888888889,2,0,1,1,300.0,1093500000000,1093800000000,1,104199322068,0.0097503662109375,4.103519439697266
VM121880,96110857594,5969,6,0.0015850067138671,0.0019912719726562,0.00921630859375,0.0039443969726562,0.043701171875,0.0039596557617187,200,production,0.4444444444444444,3,0,1,1,300.0,2107500000000,2107800000000,1,3189027999,0.0,2.306314706802368
VM158309,235153428057,45,5,0.01947021484375,0.02069091796875,0.01544189453125,0.0110321044921875,0.0694580078125,0.0111541748046875,103,best_effort,0.2288888888888889,0,0,0,0,300.0,1849500000000,1849800000000,1,28725311149,0.03179931640625,1.0401084423065186
VM20178,20983438470,93,5,0.1146240234375,0.010162353515625,0.034271240234375,0.00645065307617185,0.147705078125,0.006500244140625,200,production,0.4444444444444444,3,0,1,1,1437600.0,951900000000,2389500000000,2,28942399498,0.010162353515625,1.4719775319099426
VM19070,497694686430,231,2,0.09716796875,0.0121002197265625,0.0753173828125,0.0090484619140625,0.162353515625,0.009552001953125,107,best_effort,0.23777777777777778,0,0,0,0,300.0,1971000000000,1971300000000,1,231322845333,0.0121002197265625,0.8240747451782227
VM181857,299950285958,3836,8,0.0081024169921875,0.0013351440429687,0.01531982421875,0.0015010833740234,0.04833984375,0.0018024444580078,117,mid,0.26,1,0,1,1,300.0,456600000000,456900000000,1,196869094586,0.0021171569824218,0.6933239698410034
VM16585,359664329131,422,6,0.0059890747070312,0.03289794921875,0.000497817993164,0.0050506591796875,0.001953125,0.0050582885742187,103,best_effort,0.2288888888888889,1,0,1,1,300.0,1916700000000,1917000000000,1,335571410791,0.02532958984375,3.149868965148926
VM232278,261561497815,164,8,0.022857666015625,0.0013027191162109,0.0019035339355468,0.0005998611450195,0.01483154296875,0.0008087158203125,360,monitoring,0.8,2,0,1,0,80.0,17620000000,17700000000,1,8652164980,0.0,
VM18555,359454670244,4870,6,0.0051040649414062,0.0660400390625,0.0032958984375,0.010040283203125,0.05902099609375,0.0100860595703125,103,best_effort,0.2288888888888889,1,0,0,0,300.0,1710000000000,1710300000000,1,205247016080,0.0694580078125,1.0358319282531738
VM119415,358931119334,536,6,0.0018482208251953,0.0012702941894531,0.0010910034179687,0.0009822845458984,0.0043869018554687,0.0009841918945312,103,best_effort,0.2288888888888889,0,0,0,0,295.0,1504505000000,1504800000000,1,184049431902,0.0012702941894531,3.5624489784240723
VM198187,460016548579,1317,2,0.01629638671875,0.0036239624023437,0.0203857421875,0.0025215148925781,0.04345703125,0.0025291442871093,116,mid,0.2577777777777778,0,1,0,0,300.0,441000000000,441300000000,1,91054232,0.0036201477050781,
VM11804,346556401280,14733,6,0.04119873046875,0.0104217529296875,0.0010490417480468,6.580352783203125e-05,0.013275146484375,6.961822509765625e-05,103,best_effort,0.2288888888888889,1,0,1,0,3.0,708228000000,708231000000,1,346548588475,0.0104217529296875,0.9983146786689758
VM218018,348547152567,1566,6,0.020172119140625,0.0013027191162109,0.0338134765625,0.0186767578125,0.1065673828125,0.019287109375,360,monitoring,0.8,2,0,1,0,300.0,1078200000000,1078500000000,1,205366415240,0.0,0.8754590153694153
VM152569,323371584661,3874,8,0.0081024169921875,0.0035820007324218,0.0067825317382812,0.0010795593261718,0.04559326171875,0.0017051696777343,0,free,0.0,0,0,0,0,300.0,1950000000000,1950300000000,1,296232641134,0.0035820007324218,1.5130221843719482
VM99139,261561495314,691,8,0.0151824951171875,0.0013027191162109,0.01171875,0.0095062255859375,0.150390625,0.0186767578125,360,monitoring,0.8,2,0,0,0,300.0,591000000000,591300000000,1,273553053104,0.0,1.048714280128479
VM178682,4487952978,1176,7,0.1146240234375,0.016143798828125,0.02520751953125,0.01104736328125,0.0670166015625,0.0110626220703125,200,production,0.4444444444444444,3,0,1,1,300.0,2378400000000,2378700000000,1,21458003037,0.016143798828125,1.378187894821167
VM145258,455746879900,1092,2,0.0076141357421875,0.0078125,0.0039215087890625,0.0053253173828125,0.008758544921875,0.0053329467773437,103,best_effort,0.2288888888888889,2,0,1,0,300.0,135900000000,136200000000,1,28550480059,0.0072174072265625,1.698610544204712
VM107025,36195154546,2787,8,0.0037879943847656,0.002105712890625,0.0025749206542968,0.0039138793945312,0.0139923095703125,0.0039138793945312,200,production,0.4444444444444444,3,0,1,1,300.0,1988700000000,1989000000000,1,1885447707,0.0,3.4918112754821777
VM213007,221869627588,559,5,0.01373291015625,0.022552490234375,0.00970458984375,0.0110626220703125,0.06085205078125,0.01129150390625,103,best_effort,0.2288888888888889,0,0,0,0,300.0,706800000000,707100000000,1,16208205676,0.022552490234375,3.14772367477417
VM207077,281737345673,957,7,0.0316162109375,0.0033683776855468,0.029388427734375,0.002593994140625,0.071044921875,0.0033683776855468,101,best_effort,0.22444444444444445,1,1,0,0,300.0,665100000000,665400000000,1,159749754181,0.0033683776855468,
VM87522,105142593258,582,7,0.0088043212890625,0.01593017578125,0.0020332336425781,0.0010890960693359,0.0046615600585937,0.0010910034179687,200,production,0.4444444444444444,2,0,1,1,300.0,1604700000000,1605000000000,1,44766136,0.0032424926757812,2.80362868309021
VM72720,368969043652,1143,6,0.01214599609375,0.0065078735351562,0.0079803466796875,0.0030097961425781,0.02508544921875,0.0037956237792968,118,mid,0.26222222222222225,0,0,0,0,97.0,2354603000000,2354700000000,1,2186882208,0.0065078735351562,
VM75689,286651359015,175,7,0.0014095306396484,0.0053329467773437,0.0004653930664062,0.0007972717285156,0.0008401870727539,0.000868797302246,103,best_effort,0.2288888888888889,1,0,0,0,22.0,1474478000000,1474500000000,1,169926493044,0.0096588134765625,
VM140590,454532988687,409,2,0.017913818359375,0.0013027191162109,0.0126495361328125,0.0057754516601562,0.0802001953125,0.0109405517578125,360,monitoring,0.8,2,0,1,0,300.0,33300000000,33600000000,1,16522502192,0.0,1.0300297737121582
VM197103,819601137661,52,4,0.016204833984375,0.0028572082519531,0.0001916885375976,0.0012397766113281,0.0109100341796875,0.0012702941894531,200,production,0.4444444444444444,3,1,0,0,300.0,2219100000000,2219400000000,1,225294578776,0.0028572082519531,
VM208672,234110008128,15486,5,0.0056686401367187,0.0015621185302734,0.0086517333984375,0.0018959045410156,0.03558349609375,0.0020751953125,117,mid,0.26,1,0,1,1,300.0,1557300000000,1557600000000,1,28795291120,0.0026588439941406,0.7694802284240723
VM180525,36262377726,420,5,0.140869140625,0.0416259765625,0.0587158203125,0.0340576171875,0.197021484375,0.0340576171875,200,production,0.4444444444444444,2,0,1,1,300.0,1818300000000,1818600000000,1,29955544693,0.0416259765625,2.945252180099488
VM08596,480281978653,4516,2,0.0088958740234375,0.0072860717773437,0.0006580352783203,0.002532958984375,0.0051422119140625,0.0025367736816406,103,best_effort,0.2288888888888889,1,0,0,0,300.0,1173000000000,1173300000000,4,36991955306,0.0083465576171875,3.734681844711304
VM121068,94589461004,1629,4,0.002288818359375,0.0002260208129882,5.7220458984375e-05,7.82012939453125e-05,0.0003137588500976,7.915496826171875e-05,0,free,0.0,2,0,0,0,9.0,621335000000,621344000000,2,13709931516,0.000213623046875,
VM119315,710255342622,13057,3,0.0066070556640625,0.0052108764648437,0.0008563995361328,0.0016651153564452997,0.008331298828125,0.001749038696289,103,best_effort,0.2288888888888889,1,0,1,1,300.0,2124000000000,2124300000000,3,715153778874,0.0052108764648437,3.188157320022583
VM123690,93247928673,19989,6,0.03521728515625,0.0106201171875,0.0189208984375,0.0072860717773437,0.0904541015625,0.00732421875,200,production,0.4444444444444444,3,0,1,1,300.0,1638600000000,1638900000000,1,346548777848,0.0106201171875,0.862862765789032
VM118017,455230211482,222,2,0.007293701171875,0.0072555541992187,0.00494384765625,0.005401611328125,0.015838623046875,0.0054092407226562,103,best_effort,0.2288888888888889,2,0,1,0,300.0,76500000000,76800000000,1,325058641352,0.00726318359375,1.707276701927185
VM127045,755686677250,8220,3,0.0066299438476562,0.0036849975585937,0.0002059936523437,0.001535415649414,0.0013847351074218,0.0016059875488281,105,best_effort,0.23333333333333334,0,0,0,0,300.0,1447200000000,1447500000000,1,33173446511,0.0032501220703125,3.973978996276856
VM98467,1143554863,138,8,0.0007925033569335,0.0010643005371093,0.0110321044921875,0.0036430358886718,0.022552490234375,0.00396728515625,200,production,0.4444444444444444,3,0,1,1,300.0,1323300000000,1323600000000,1,273485246242,0.0,2.5741915702819824
VM210901,359454670244,9234,6,0.006072998046875,0.04998779296875,0.0032958984375,0.010040283203125,0.05902099609375,0.0100860595703125,103,best_effort,0.2288888888888889,1,0,0,0,300.0,1710000000000,1710300000000,1,18125852561,0.0694580078125,1.0358319282531738
VM168842,156608148558,251,5,0.0089263916015625,0.0003175735473632,0.0003795623779296,0.0002365112304687,0.0024223327636718,0.0002422332763671,205,production,0.45555555555555555,2,0,1,1,300.0,1031700000000,1032000000000,1,29949817238,0.0,2.26963472366333
VM78735,4470135974,294,6,0.05987548828125,0.016937255859375,0.01568603515625,0.0069503784179687,0.04571533203125,0.0071945190429687,103,best_effort,0.2288888888888889,2,0,0,0,300.0,927000000000,927300000000,1,19365594538,0.016937255859375,1.9182196855545044
VM163329,299950285958,4715,8,0.0081024169921875,0.0013351440429687,0.01531982421875,0.0015010833740234,0.04833984375,0.0018024444580078,117,mid,0.26,1,0,1,1,300.0,456600000000,456900000000,1,7365934314,0.0021171569824218,0.6933239698410034
VM12854,754423373544,473,3,0.0081024169921875,0.0024757385253906,0.0005779266357421,0.000436782836914,0.0027999877929687,0.0005111694335937,0,free,0.0,0,0,0,0,28.0,1453554000000,1453582000000,31,752494770198,0.0024757385253906,
VM83523,323372690332,2108,8,0.0088043212890625,0.0018234252929687,0.0126953125,0.0018234252929687,0.02398681640625,0.0018234252929687,117,mid,0.26,1,0,1,1,300.0,1897500000000,1897800000000,1,202860207302,0.0018234252929687,0.9640565514564514
VM167829,128057573531,1140,5,0.009857177734375,0.0045242309570312,0.0002803802490234,0.0002164840698242,0.0019607543945312,0.0002193450927734,205,production,0.45555555555555555,2,0,0,0,300.0,347700000000,348000000000,1,3302915614,0.0,2.8918344974517822
VM207169,346556401280,10195,6,0.04119873046875,0.0104217529296875,0.0010490417480468,6.580352783203125e-05,0.013275146484375,6.961822509765625e-05,103,best_effort,0.2288888888888889,1,0,1,0,3.0,708228000000,708231000000,1,17781895058,0.0104217529296875,0.9983146786689758
VM01310,738552572930,611,3,0.017791748046875,0.0013027191162109,0.0033149719238281,0.0098419189453125,0.03564453125,0.010223388671875,360,monitoring,0.8,2,0,0,0,300.0,1418400000000,1418700000000,5,247052905604,0.0,1.317851424217224
VM153278,286009855219,3746,8,0.0089111328125,0.020538330078125,0.0005693435668945,0.0043563842773437,0.0029983520507812,0.0043563842773437,200,production,0.4444444444444444,3,0,1,1,300.0,132600000000,132900000000,1,1510908458,0.0,2.601017475128174
VM53500,282155362497,1511,7,0.0081024169921875,0.0018234252929687,0.0,0.0004348754882812,0.0,0.0004348754882812,0,free,0.0,0,0,0,0,1.0,829127000000,829128000000,1,10451238627,0.0018234252929687,
VM146463,2399970864,1670,6,0.0025520324707031,0.0058517456054687,0.000619888305664,0.0012264251708984,0.001352310180664,0.0012283325195312,200,production,0.4444444444444444,3,0,1,1,300.0,1139100000000,1139400000000,1,96176344194,0.0,2.1000425815582275
VM160529,751055644618,2306,3,0.00909423828125,0.0042572021484375,0.0088653564453125,0.002655029296875,0.0122833251953125,0.0027885437011718,105,best_effort,0.23333333333333334,0,0,1,0,300.0,952500000000,952800000000,1,144956205154,0.0037345886230468,1.2034378051757812
VM133019,234657249319,429,5,0.0104827880859375,0.0028533935546875,0.0059585571289062,0.0025138854980468,0.020233154296875,0.0025405883789062,103,best_effort,0.2288888888888889,0,0,0,0,41.0,1463649000000,1463690000000,1,191814427700,0.0028457641601562,
VM237100,156608138934,898,5,0.0841064453125,0.07421875,0.073486328125,0.04644775390625,0.3447265625,0.05133056640625,105,best_effort,0.23333333333333334,2,1,0,0,300.0,26700000000,27000000000,1,34295446885,0.07421875,
VM191854,314637133793,674,8,0.022308349609375,0.0013027191162109,0.029632568359375,0.017425537109375,0.137451171875,0.0233154296875,360,monitoring,0.8,2,0,1,1,300.0,1467600000000,1467900000000,1,153514395292,0.0,0.548227846622467
VM228649,39516992187,4585,1,0.0025177001953125,0.0001897811889648,0.0008125305175781,0.000152587890625,0.0048828125,0.0001792907714843,0,free,0.0,2,0,0,0,300.0,2263800000000,2264100000000,1,2958235317,0.0001964569091796,1.327843427658081
VM135993,460016548579,1321,2,0.01629638671875,0.0036239624023437,0.0203857421875,0.0025215148925781,0.04345703125,0.0025291442871093,116,mid,0.2577777777777778,0,1,0,0,300.0,441000000000,441300000000,1,1721037,0.0036201477050781,
VM179931,788034524199,1287,4,0.0059890747070312,0.017242431640625,0.0042724609375,0.0047531127929687,0.02374267578125,0.0055007934570312,105,best_effort,0.23333333333333334,1,0,1,0,300.0,547800000000,548100000000,1,290757297044,0.017242431640625,2.056849956512451
VM136044,314896190771,8396,8,0.010528564453125,0.001953125,0.0093994140625,0.0011348724365234,0.02789306640625,0.0013694763183593,200,production,0.4444444444444444,1,0,0,0,300.0,1623600000000,1623900000000,1,1230910528,0.001953125,2.5124967098236084
VM236173,288497456405,2573,6,0.0081024169921875,0.0038566589355468,0.0003786087036132,0.001953125,0.0050048828125,0.0019645690917968,200,production,0.4444444444444444,3,0,0,0,300.0,2546100000000,2546400000000,1,321855591410,0.0,3.1568944454193115
VM224703,300864160201,407,6,0.0090789794921875,0.0013027191162109,0.04559326171875,0.0225830078125,0.10205078125,0.02325439453125,360,monitoring,0.8,2,0,1,0,300.0,763500000000,763800000000,1,192717006764,0.0,0.7796614766120911
VM59890,275444479605,2033,7,0.0056686401367187,0.00262451171875,0.004003524780273399,0.000981330871582,0.0107421875,0.0013160705566406,0,free,0.0,0,0,1,1,252900.0,178500000000,431400000000,2,35801625,0.00262451171875,0.9435884654521942
VM20422,710255342622,5409,3,0.0066070556640625,0.0052108764648437,0.0018622080485026001,0.0017948150634765,0.008331298828125,0.0018882751464843,103,best_effort,0.2288888888888889,1,0,1,1,1138500.0,985800000000,2124300000000,12,558382379386,0.0052108764648437,1.5419752200444539
VM153367,1864866224,462,1,0.0036087036132812,0.0065078735351562,0.0006561279296875,0.0017070770263671,0.0059051513671875,0.0017166137695312,200,production,0.4444444444444444,2,0,0,0,300.0,508800000000,509100000000,1,92176788768,0.0035171508789062,3.780119180679321
VM74764,157857385389,2782,8,0.030364990234375,0.1041259765625,0.00488281249999995,0.13330078125,0.05572509765625,0.13818359375,103,best_effort,0.2288888888888889,1,0,1,1,1072500.0,1580400000000,2652900000000,2,221660208008,0.1875,3.284743070602417
VM18340,769678801875,1512,4,0.0162353515625,0.0013027191162109,6.389617919921875e-05,9.5367431640625e-07,0.0002574920654296,9.5367431640625e-07,360,monitoring,0.8,2,0,1,0,4.0,300400000000,300404000000,4,82164230781,0.0,1.285349726676941
VM242533,273535290336,3573,7,0.0081024169921875,0.0036125183105468,0.0001649856567382,0.0006799697875976,0.0006961822509765,0.000680923461914,0,free,0.0,0,0,1,1,300.0,65400000000,65700000000,1,4385851783,0.0036125183105468,4.3250274658203125
VM241367,296992962690,206,7,0.09716796875,0.0067672729492187,0.0121917724609375,0.004119873046875,0.026611328125,0.004241943359375,103,best_effort,0.2288888888888889,0,0,0,0,300.0,2101200000000,2101500000000,1,6863743879,0.0067901611328125,1.3624058961868286
VM186551,296657321680,70241,7,0.0056686401367187,0.00262451171875,0.0052032470703125,0.001230239868164,0.017486572265625,0.0014152526855468,0,free,0.0,0,0,1,1,300.0,2003400000000,2003700000000,1,3514981959,0.00262451171875,0.938232421875
VM147458,239427626372,1594,5,0.0081024169921875,0.0014705657958984,0.0070991516113281,0.0010914802551269,0.022430419921875,0.0014724731445312,117,mid,0.26,1,0,1,1,2700.0,2358300000000,2361000000000,2,16522757479,0.0014705657958984,3.0139284133911133
VM33337,330587213089,205,1,0.02197265625,0.0013027191162109,0.03814697265625,0.019989013671875,0.091796875,0.020477294921875,360,monitoring,0.8,2,0,0,0,300.0,943800000000,944100000000,1,2449639174,0.0,1.0194332599639893
VM108229,299950288763,10528,8,0.0056686401367187,0.00262451171875,0.0082244873046875,0.00140380859375,0.0682373046875,0.0016593933105468,200,production,0.4444444444444444,1,0,0,0,300.0,42600000000,42900000000,1,2103897486,0.00262451171875,0.6779817342758179
VM60908,294544747384,5473,8,0.0066070556640625,0.0052108764648437,0.0008907318115234,0.0010910034179687,0.00299072265625,0.0011062622070312,103,best_effort,0.2288888888888889,1,0,0,0,300.0,1812600000000,1812900000000,1,163455598572,0.0052108764648437,2.847310781478882
VM120738,6260218301,92,7,0.01214599609375,0.00390625,0.0039443969726562,0.000894546508789,0.00518798828125,0.0009059906005859,200,production,0.4444444444444444,2,0,0,0,300.0,355500000000,355800000000,1,6231350772,0.0038948059082031,2.4450931549072266
VM63011,314894065526,30122,8,0.0056686401367187,0.00262451171875,0.0,0.000101089477539,0.0,0.000101089477539,0,free,0.0,0,0,1,1,1.0,1359170000000,1359171000000,1,7605594757,0.00262451171875,2.7185258865356445
VM15810,294544747384,5391,8,0.0066070556640625,0.0052108764648437,0.000645637512207,0.0011253356933593498,0.00299072265625,0.0011615753173828,103,best_effort,0.2288888888888889,1,0,1,1,1173000.0,639900000000,1812900000000,2,527517941,0.0052108764648437,2.7370575666427612
VM231335,94589455457,134,4,0.0022239685058593,0.0002117156982421,0.0004434585571289,0.0001258850097656,0.0021553039550781,0.0001459121704101,0,free,0.0,2,0,1,1,265.0,2345100000000,2345365000000,1,428718688926,0.0002069473266601,1.66094708442688
VM228042,349011005158,1518,6,0.0048446655273437,0.0012569427490234,0.0040283203125,0.000833511352539,0.0095672607421875,0.000859260559082,103,best_effort,0.2288888888888889,0,0,0,0,300.0,1144800000000,1145100000000,1,17851695117,0.0012569427490234,0.7877823114395142
VM239353,326995722343,5109,8,0.0081024169921875,0.0036125183105468,0.0002698898315429,0.0006532669067382,0.0009765625,0.000655174255371,117,mid,0.26,1,0,0,0,108.0,2597700000000,2597808000000,1,10367643922,0.0036125183105468,2.593548059463501
VM207215,328029965942,26810,8,0.0056686401367187,0.00262451171875,0.0001602172851562,9.34600830078125e-05,0.0004806518554687,9.34600830078125e-05,0,free,0.0,0,0,0,0,3.0,2557599000000,2557602000000,1,10632575968,0.00262451171875,0.8859424591064453
VM37836,815322757780,42074,4,0.0081024169921875,0.0036125183105468,0.0133514404296875,0.0033645629882812,0.0714111328125,0.0036125183105468,0,free,0.0,0,0,0,0,300.0,2001900000000,2002200000000,1,264083256,0.0036125183105468,0.8808229565620422
VM67893,346556401280,12374,6,0.04119873046875,0.0104217529296875,0.0010490417480468,6.580352783203125e-05,0.013275146484375,6.961822509765625e-05,103,best_effort,0.2288888888888889,1,0,1,0,3.0,708228000000,708231000000,1,90898976329,0.0104217529296875,0.9983146786689758
VM200078,495482530643,532,2,0.0181884765625,0.0013027191162109,0.0139007568359375,0.020660400390625,0.03338623046875,0.022064208984375,360,monitoring,0.8,2,0,0,0,300.0,1533600000000,1533900000000,2,36928698640,0.0,1.071237325668335
VM216110,288497456405,1580,6,0.0081024169921875,0.0038566589355468,0.0003786087036132,0.001953125,0.0050048828125,0.0019645690917968,200,production,0.4444444444444444,3,0,0,0,300.0,2546100000000,2546400000000,1,17782273856,0.0,3.1568944454193115
VM91755,294544747384,9055,8,0.0066070556640625,0.0052108764648437,0.0008907318115234,0.0010910034179687,0.00299072265625,0.0011062622070312,103,best_effort,0.2288888888888889,1,0,0,0,300.0,1812600000000,1812900000000,1,10621286691,0.0052108764648437,2.847310781478882
VM161546,286009842879,5134,8,0.0081787109375,0.008819580078125,0.0009784698486328,0.0047378540039062,0.0091705322265625,0.008819580078125,200,production,0.4444444444444444,3,1,1,1,300.0,578400000000,578700000000,1,1511278750,0.005096435546875,
VM57248,65029579,1210,7,0.093505859375,0.0390625,0.066162109375,0.02191162109375,0.150146484375,0.02203369140625,360,monitoring,0.8,2,1,0,0,300.0,2595000000000,2595300000000,1,170196776045,0.0390625,
VM205786,315267875638,2345,6,0.0124969482421875,0.0019721984863281,0.0015602111816406,0.0011768341064453,0.0082244873046875,0.0012531280517578,0,free,0.0,0,0,0,0,300.0,36900000000,37200000000,1,23076853175,0.00390625,1.1321032047271729
VM64946,383128227073,833,1,0.0025520324707031,0.0016555786132812,0.0043563842773437,0.0014686584472656,0.004669189453125,0.0014686584472656,107,best_effort,0.23777777777777778,0,0,1,0,3.0,1064173000000,1064176000000,1,1146136326,0.0016555786132812,
VM36161,495141171236,371,2,0.01629638671875,0.0034904479980468,0.0014362335205078,0.0025253295898437,0.008636474609375,0.0025291442871093,116,mid,0.2577777777777778,0,1,0,0,300.0,1665300000000,1665600000000,1,231290763141,0.0033187866210937,
VM204277,219840706319,450,5,0.0455322265625,0.0054702758789062,0.04656982421875,0.00244140625,0.08203125,0.0026969909667968,103,best_effort,0.2288888888888889,0,0,0,0,27.0,150600000000,150627000000,1,50510772,0.0054702758789062,
VM114659,299995986371,49282,7,0.0056686401367187,0.00262451171875,0.0032477378845214844,0.0006604194641112969,0.0147705078125,0.0014114379882812,0,free,0.0,0,0,1,1,42743.0,2572357000000,2615100000000,2,85536527,0.00262451171875,2.0235418677330017
VM128985,294544747384,6950,8,0.0066070556640625,0.0052108764648437,0.0008907318115234,0.0010910034179687,0.00299072265625,0.0011062622070312,103,best_effort,0.2288888888888889,1,0,0,0,300.0,1812600000000,1812900000000,2,258565651004,0.0052108764648437,2.847310781478882
VM31876,286009855219,5606,8,0.029052734375,0.0045700073242187,0.0007181167602539,0.0041580200195312,0.0024757385253906,0.0041580200195312,200,production,0.4444444444444444,3,0,0,0,300.0,1676700000000,1677000000000,1,300551835764,0.0,3.436630249023437
VM117956,374675984600,1568,1,0.03485107421875,0.0057296752929687,0.0020408630371093,0.0042343139648437,0.06036376953125,0.0057296752929687,105,best_effort,0.23333333333333334,1,0,1,1,300.0,414300000000,414600000000,3,360238111049,0.0057296752929687,1.412593126296997
VM168947,228360594015,4127,5,0.0056686401367187,0.0015621185302734,0.008941650390625,0.0014171600341796,0.0277099609375,0.0015621185302734,117,mid,0.26,1,0,1,1,300.0,1590000000000,1590300000000,1,28757613396,0.0015621185302734,0.9077212810516356
VM161079,96110857594,1534,6,0.029052734375,0.0045700073242187,0.0022544860839843,0.0040359497070312,0.0103302001953125,0.0040512084960937,200,production,0.4444444444444444,3,0,0,0,300.0,1927500000000,1927800000000,1,2051357482,0.0,2.565548658370972
VM53175,93247928673,17604,6,0.0020256042480468,0.0015621185302734,0.025421142578125,0.0078277587890625,0.0826416015625,0.008544921875,200,production,0.4444444444444444,3,0,0,0,300.0,994500000000,994800000000,1,10033930376,0.0106201171875,0.5822352170944214
VM55479,380756887859,341,1,0.0063400268554687,0.0065078735351562,0.0001068115234375,0.0001173019409179,0.0004558563232421,0.0001192092895507,105,best_effort,0.23333333333333334,0,0,1,0,3.0,585973000000,585976000000,1,21169269,0.0065078735351562,
VM35926,349011005158,2819,6,0.0048446655273437,0.0012569427490234,0.0040283203125,0.000833511352539,0.0095672607421875,0.000859260559082,103,best_effort,0.2288888888888889,0,0,0,0,300.0,1144800000000,1145100000000,1,2631721668,0.0012569427490234,0.7877823114395142
VM76060,321922619420,37,8,0.0164794921875,0.021728515625,0.02655029296875,0.001953125,0.05621337890625,0.0019683837890625,103,best_effort,0.2288888888888889,0,0,0,0,300.0,1446900000000,1447200000000,1,10367632517,0.021087646484375,1.5587173700332642
VM45028,77793008192,998,6,0.0015850067138671,0.0003738403320312,0.0004901885986328,0.0001802444458007,0.0015525817871093,0.0002040863037109,103,best_effort,0.2288888888888889,2,0,0,0,300.0,2666100000000,2666400000000,1,93726885719,0.0003852844238281,2.185142993927002
VM171322,157857385389,831,8,0.0322265625,0.1041259765625,0.0054397583007812,0.129638671875,0.05572509765625,0.129638671875,103,best_effort,0.2288888888888889,1,0,0,0,300.0,1580400000000,1580700000000,1,527532266,0.1875,4.109884738922119
VM128658,77793016507,2029,6,0.0016460418701171,0.0003242492675781,0.0009412765502929,0.0002346038818359,0.0031471252441406,0.0002479553222656,103,best_effort,0.2288888888888889,2,0,1,1,300.0,2314500000000,2314800000000,1,10047839727,0.0004034042358398,1.3456554412841797
VM94031,261356905709,124,7,0.011016845703125,0.0013027191162109,0.011505126953125,0.006629943847656199,0.04901123046875,0.0099639892578125,360,monitoring,0.8,2,0,1,0,300.0,2475300000000,2475600000000,3,10449204296,0.0,0.9741879105567932
VM81436,282155362497,6,7,0.0081024169921875,0.0018234252929687,0.0,0.0004348754882812,0.0,0.0004348754882812,0,free,0.0,0,0,0,0,1.0,829127000000,829128000000,1,21323,0.0018234252929687,
VM123424,348791680371,484,6,0.018402099609375,0.0013027191162109,0.0596923828125,0.0079498291015625,0.0673828125,0.0082855224609375,360,monitoring,0.8,2,0,1,0,300.0,1283400000000,1283700000000,1,19372412783,0.0,0.4001486897468567
VM37751,370794992322,246,6,0.0081024169921875,0.0078125,0.0,0.0001354217529296,0.0,0.0001354217529296,0,free,0.0,0,0,0,0,1.0,2619100000000,2619101000000,2,5674073955,0.0078125,0.7140194773674011
VM140007,328029965942,63668,8,0.0056686401367187,0.00262451171875,0.0001602172851562,9.34600830078125e-05,0.0004806518554687,9.34600830078125e-05,0,free,0.0,0,0,0,0,3.0,2557599000000,2557602000000,1,325189292034,0.00262451171875,0.8859424591064453
VM173448,294544747384,3125,8,0.0066070556640625,0.0052108764648437,0.0004005432128906,0.00115966796875,0.0012016296386718,0.0011615753173828,103,best_effort,0.2288888888888889,1,0,1,1,300.0,639900000000,640200000000,1,527532334,0.0052108764648437,2.6268043518066406
VM44256,498620479395,463,2,0.01629638671875,0.0088653564453125,0.0006904602050781,0.0024986267089843,0.0095672607421875,0.0025177001953125,116,mid,0.2577777777777778,0,1,0,0,300.0,2295900000000,2296200000000,1,38988659588,0.0088653564453125,
VM15968,136674897106,409,4,0.0018482208251953,0.0002937316894531,0.0004692077636718,0.00018310546875,0.002197265625,0.0001907348632812,200,production,0.4444444444444444,2,0,0,0,300.0,2242200000000,2242500000000,2,5567572263,0.0002965927124023,1.437846302986145
VM36155,497914629584,3757,2,0.00616455078125,0.0042572021484375,0.000457763671875,0.0023918151855468,0.008392333984375,0.0023918151855468,103,best_effort,0.2288888888888889,1,0,1,0,300.0,2029200000000,2029500000000,1,32347210125,0.0034980773925781,4.002481937408447
VM28017,228864253096,276,5,0.104736328125,0.0390625,0.085205078125,0.0230712890625,0.27197265625,0.02325439453125,360,monitoring,0.8,2,1,0,0,300.0,1618500000000,1618800000000,1,42834630122,0.041015625,
VM224046,455759122797,289,2,0.0076828002929687,0.0072250366210937,0.0037651062011718,0.0052261352539062,0.008453369140625,0.0052337646484375,103,best_effort,0.2288888888888889,2,0,1,0,300.0,93000000000,93300000000,1,16569120575,0.0072250366210937,1.4197988510131836
VM226647,605518216077,1306,4,0.0074844360351562,0.0078277587890625,0.0027122497558593,0.0029220581054687,0.0048065185546875,0.0029258728027343,200,production,0.4444444444444444,1,0,0,0,300.0,95700000000,96000000000,1,3648199110,0.0078277587890625,4.804504871368408
VM77718,358931119334,144,6,0.0018482208251953,0.0012702941894531,0.0010910034179687,0.0009822845458984,0.0043869018554687,0.0009841918945312,103,best_effort,0.2288888888888889,0,0,0,0,295.0,1504505000000,1504800000000,1,9985747283,0.0012702941894531,3.5624489784240723
VM222636,457357241199,387,2,0.0014095306396484,0.0083465576171875,0.0007152557373046,0.0030517578125,0.0107574462890625,0.0030632019042968,103,best_effort,0.2288888888888889,0,0,1,0,300.0,229500000000,229800000000,1,140561880,0.0052108764648437,1.822169303894043
